<?xml version="1.0"?>
<!DOCTYPE modification SYSTEM "http://www.simplemachines.org/xml/modification">

<modification xmlns="http://www.simplemachines.org/xml/modification" xmlns:smf="http://www.simplemachines.org/">
	<id>ByGold</id>
	<version>0.1</version>

    <file name="$languagedir/Errors.english.php">
        <operation>
            <search position="end" />
            <add><![CDATA[
// Alternate user error
$txt['error_alternate_user'] = 'Belirttiğiniz alternatif kullanıcı\'yok.';
]]></add>
        </operation>
    </file>

    <file name="$languagedir/ManagePermissions.english.php">
        <operation>
            <search position="end" />
            <add><![CDATA[
// Alternate user permissions
$txt['permissionname_post_as_alternative_user'] = 'Başk kullanıcının olarak yayınla';
$txt['permissionhelp_post_as_alternative_user'] = 'Bu seçeneğin işaretlenmesi, kullanıcının alternatif bir kullanıcı (herhangi bir kayıtlı üye) olarak göndermesine izin verecektir. Ayrıca, değiştirebilecekleri herhangi bir gönderide kullanıcıyı değiştirebileceklerdir..';
]]></add>
        </operation>
    </file>

    <file name="$languagedir/Post.english.php">
        <operation>
            <search position="end" />
            <add><![CDATA[
// Post as alternate user
$txt['post_alternate_user'] = 'Başka kullanıcı olarak yayınla';
$txt['change_user'] = 'Kullanıcı değiştir.';
$txt['post_alternate_user_descr'] = 'Normal olarak yayınlamak için boş bırak.';
]]></add>
        </operation>
    </file>

</modification>
