<?xml version="1.0"?>
<!DOCTYPE modification SYSTEM "http://www.simplemachines.org/xml/modification">

<modification xmlns="http://www.simplemachines.org/xml/modification" xmlns:smf="http://www.simplemachines.org/">
	<id>Robbo:AltUserPosting</id>
	<version>1.0.1</version>

    <file name="$sourcedir/Post.php">
        <operation>
            <search position="before"><![CDATA[$context['locked'] = !empty($locked) || !empty($_REQUEST['lock']);]]></search>
            <add><![CDATA[

    // Can this person post as an alternate user?
    $context['can_change_user'] = allowedTo('post_as_alternative_user');]]></add>
        </operation>

        <operation>
            <search position="before"><![CDATA[// This is self explanatory - got any questions?
			if (isset($_REQUEST['question']) && trim($_REQUEST['question']) == '')
				$context['post_error']['no_question'] = true;]]></search>
            <add><![CDATA[

            // Make sure the alternate user exists
            $_POST['alternate_user'] = empty($_POST['alternate_user']) ? '' : trim($_POST['alternate_user']);
            if (!empty($_POST['alternate_user']) && $context['can_change_user'])
            {
                $request = $smcFunc['db_query']('', '
                    SELECT id_member
                    FROM {db_prefix}members
                    WHERE real_name = {string:name}',
                    array(
                        'name' => $_POST['alternate_user'],
                    )
                );

                if ($smcFunc['db_num_rows']($request) == 0)
                    $context['post_error']['alternate_user'] = true;
                else
                    $smcFunc['db_free_result']($request);
            }]]></add>
        </operation>

        <operation>
            <search position="before"><![CDATA[$context['page_title'] = $txt['post_reply'];]]></search>
            <add><![CDATA[

    // Posting as alternate user?
    if ($context['can_change_user'])
        $context['alternate_user'] = empty($_POST['alternate_user']) ? '' : $_POST['alternate_user'];]]></add>
        </operation>

        <operation>
            <search position="before"><![CDATA[// You are not!
	if (isset($_POST['message']) && strtolower($_POST['message']) == 'i am the administrator.' && !$user_info['is_admin'])
		fatal_error('Knave! Masquerader! Charlatan!', false);]]></search>
            <add><![CDATA[

    // Post as alternative user? Grab the id and email
    $alt_name = empty($_POST['alternate_user']) ? '' : trim($_POST['alternate_user']);
    if (!empty($alt_name) && allowedTo('post_as_alternative_user'))
    {
        $request = $smcFunc['db_query']('', '
            SELECT id_member, email_address
            FROM {db_prefix}members
            WHERE real_name = {string:name}',
            array(
                'name' => $alt_name,
            )
        );

        if ($smcFunc['db_num_rows']($request) == 0)
        {
            unset($alt_name);
            $post_errors[] = 'alternate_user';
        }
        else
            list($alt_id, $alt_email) = $smcFunc['db_fetch_row']($request);
        $smcFunc['db_free_result']($request);
    }]]></add>
        </operation>

        <operation>
            <search position="after"><![CDATA[// This is an already existing message. Edit it.]]></search>
            <add><![CDATA[// Alternate user?
    if (isset($alt_id))
        $posterOptions = array(
            'real_id' => $user_info['id'],
            'old_id' => empty($row['id_member']) ? 0 : $row['id_member'],
            'id' => $alt_id,
            'alt_id' => $alt_id,
            'name' => $alt_name,
            'email' => $alt_email,
            'update_post_count' => $board_info['posts_count'],
        );

	]]></add>
        </operation>
    </file>

    <file name="$sourcedir/Subs-Post.php">
        <operation>
            <search position="replace"><![CDATA['current_member' => $posterOptions['id'],]]></search>
            <add><![CDATA['current_member' => !empty($posterOptions['real_id']) ? $posterOptions['real_id'] : $posterOptions['id'],]]></add>
        </operation>

        <operation>
            <search position="replace"><![CDATA[$topicOptions['id'], $posterOptions['id'], $msgOptions['id'])]]></search>
            <add><![CDATA[$topicOptions['id'], !empty($posterOptions['real_id']) ? $posterOptions['real_id'] : $posterOptions['id'], $msgOptions['id'])]]></add>
        </operation>

        <operation>
            <search position="before"><![CDATA[// This is longer than it has to be, but makes it so we only set/change what we have to.
	$messages_columns = array();]]></search>
            <add><![CDATA[
    if (isset($posterOptions['alt_id']))
        $messages_columns['id_member'] = $posterOptions['alt_id'];]]></add>
        </operation>

        <operation>
            <search position="before"><![CDATA[// Finally, if we are setting the approved state we need to do much more work :(
	if ($modSettings['postmod_active'] && isset($msgOptions['approved']))
		approvePosts($msgOptions['id'], $msgOptions['approved']);]]></search>
            <add><![CDATA[

    // Decrease old posters counter and increase new one if the poster id has been changed
    if (!empty($posterOptions['update_post_count']) && !empty($posterOptions['alt_id']))
    {
        // Decrease someones post stats?
        if (!empty($posterOptions['old_id']))
        {
            if ($user_info['id'] == $posterOptions['old_id'])
                $user_info['posts']--;
            updateMemberData($posterOptions['old_id'], array('posts' => '-'));
        }
        // Increase the user you are changing it to...
        if ($user_info['id'] == $posterOptions['alt_id'])
            $user_info['posts']++;
        updateMemberData($posterOptions['alt_id'], array('posts' => '+'));
    }]]></add>
        </operation>
    </file>

    <file name="$sourcedir/ManagePermissions.php">
        <operation>
            <search position="before"><![CDATA['post_attachment' => array(false, 'attachment', 'attach'),]]></search>
            <add><![CDATA[
            'post_as_alternative_user' => array(false, 'post', 'moderate'),]]></add>
        </operation>
    </file>

    <file name="$themedir/Post.template.php">
        <operation>
            <search position="replace"><![CDATA[// Now show the subject box for this post.
	echo '
						<dt>]]></search>
            <add><![CDATA[// Show alternate user posting option
    if ($context['can_change_user'])
    {
        echo '
                        <dt>
                            <span', isset($context['post_error']['alternate_user']) ? ' class="error"' : '', ' id="caption_alternate_user">', !isset($_REQUEST['msg']) ? $txt['post_alternate_user'] : $txt['change_user'], ':</span>
                        </dt>
                        <dd>
                            <input id="alternate_user" type="text" name="alternate_user" value="', $context['alternate_user'], '" size="25" tabindex="', $context['tabindex']++, '" maxlength="255" class="input_text" />
                            ', !isset($_REQUEST['msg']) ? '<span class="smalltext">' . $txt['post_alternate_user_descr'] . '</span>' : '', '
                        </dd>';
    }

	// Now show the subject box for this post.
	echo '
						<dt class="clear">]]></add>
        </operation>
        
        <operation>
            <search position="before"><![CDATA[		</form>';]]></search>
            <add><![CDATA[

    // Auto suggest for additional user posting
    if ($context['can_change_user'])
    {
        echo '
        <script type="text/javascript" src="' . $settings['default_theme_url'] . '/scripts/suggest.js?rc2"></script>
        <script type="text/javascript"><!-- // --><![CDATA[
            var oMemberSuggest = new smc_AutoSuggest({
                sSelf: \'oMemberSuggest\',
                sSessionId: \'' . $context['session_id'] . '\',
                sSessionVar: \'' . $context['session_var'] . '\',
                sSuggestId: \'alternate_user\',
                sControlId: \'alternate_user\',
                sSearchType: \'member\',
                bItemList: false,
                iMinimumSearchChars: 1,
                sPostName: \'alternate_user\',
                sURLMask: \'action=profile;u=%item_id%\'
            });
        // ]', ']></script>';
    }]]></add>
        </operation>

        <operation>
            <search position="before"><![CDATA[ \'question\', \'topic\']]></search>
            <add><![CDATA[, \'alternate_user\']]></add>
        </operation>
    </file>

    <file name="$themedir/Xml.template.php">
        <operation>
            <search position="before"><![CDATA[<post_error />' : '', ']]></search>
            <add><![CDATA[
        <caption name="alternate_user" color="', isset($context['post_error']['alternate_user']) ? 'red' : '', '" />]]></add>
        </operation>
    </file>

</modification>
