<?xml version="1.0"?>
<!DOCTYPE package-info SYSTEM "http://www.simplemachines.org/xml/package-info">

<!-- - - - - - - - - - - - - - - - - - - - - - - - - - - - - - - - - - - - - - -
	ATTENTION: If you are trying to install this manually, you should try
	the package manager.  If it will not work for you, please take a look
	at the following for information on this format:
		http://mods.simplemachines.org/docs/manual-install.php
 - - - - - - - - - - - - - - - - - - - - - - - - - - - - - - - - - - - - - - -->

<package-info xmlns="http://www.simplemachines.org/xml/package-info" xmlns:smf="http://www.simplemachines.org/">
	<id>Robbo:AltUserPosting</id>
	<version>1.0.1</version>
	<name>Alternate User Posting</name>
	<type>modification</type>

    <install for="2.0.0-2.99.99">
        <readme type="file" parsebbc="true">readme.txt</readme>
        <modification type="file">install.xml</modification>
        <modification type="file">english.xml</modification>
    </install>

    <uninstall for="2.0.0-2.99.99">
        <readme type="inline">This will uninstall Alternate User Posting 1.0</readme>
        <modification type="file" reverse="true">install.xml</modification>
        <modification type="file" reverse="true">english.xml</modification>
    </uninstall>

</package-info>
