<?xml version="1.0"?>
<!DOCTYPE modification SYSTEM "http://www.simplemachines.org/xml/modification">
<modification xmlns="http://www.simplemachines.org/xml/modification" xmlns:smf="http://www.simplemachines.org/">
<id>vbgamer45:ContactPage</id>
<version>1.1tr</version>
<file name="$languagedir/Modifications.english.php">
	<operation>
		<search position="after"><![CDATA[
?>]]></search>
		<add><![CDATA[
// Begin Contact Page Text Strings
$txt['smfcontact_contact'] = 'Contact';
$txt['permissionname_view_contact'] = 'View Contact Page';
$txt['permissionhelp_view_contact'] = 'Allows members to view contact page and send email.';
$txt['cannot_view_contact'] = 'You can not view the contact page.';
$txt['smfcontact_name'] = 'İsim Soyad:';
$txt['smfcontact_subject'] = 'Konu';
$txt['smfcontact_body'] = 'Mesaj';
$txt['smfcontact_emailaddress'] = 'Email adres';
$txt['smfcontact_sendemail'] = 'Maili gönder';
$txt['smfcontact_messagesent'] = 'Mesajınız gönderildi!';
$txt['smfcontact_messagesent_click'] = 'Mesajınız gönderildi! Tıkla ';
$txt['smfcontact_messagesent_return'] = '</a> foruma dönmek ?.';
$txt['smfcontact_errname'] = 'Adınızı girmeniz gerekiyor.';
$txt['smfcontact_errsubject'] = 'Konuyu girmeniz gerekiyor.';
$txt['smfcontact_errmessage'] = 'Mesaj girmeniz gerekiyor.';
$txt['smfcontact_erremail'] = 'Email adresinizi girmeniz gerekiyor.';
$txt['smfcontact_titlesent'] = ' - Mesajı gönderildi.';
$txt['smfcontact_form'] = 'İletişim Sayfası Formu ';
$txt['smfcontact_formname'] = "İsim: ";
$txt['smfcontact_formemail'] = "Email: ";
$txt['smfcontact_ip'] = "IP: ";
$txt['smfcontact_formmessage'] =  "Mesaj: \n";
$txt['smfcontactpage_email'] = 'SMF İletişim Sayfası E-posta: ';
// END Contact Page Text Strings			
]]></add>
	</operation>
</file>


<file name="$languagedir/Modifications.english-utf8.php" error="skip">
	<operation>
		<search position="after"><![CDATA[
?>]]></search>
		<add><![CDATA[
// Begin Contact Page Text Strings
$txt['smfcontact_contact'] = 'İletişim Sayfası';
$txt['permissionname_view_contact'] = 'İletişim Sayfasını Göster';
$txt['permissionhelp_view_contact'] = 'Üyelerin iletişim sayfasını görüntülemesine ve e-posta göndermesine izin verir.';
$txt['cannot_view_contact'] = 'İletişim sayfasını görüntüleyemezsiniz.';
$txt['smfcontact_name'] = 'İsim Soyad:';
$txt['smfcontact_subject'] = 'Konu';
$txt['smfcontact_body'] = 'Mesaj';
$txt['smfcontact_emailaddress'] = 'Email adres';
$txt['smfcontact_sendemail'] = 'Maili gönder';
$txt['smfcontact_messagesent'] = 'Mesajınız gönderildi!';
$txt['smfcontact_messagesent_click'] = 'Mesajınız gönderildi! Tıkla ';
$txt['smfcontact_messagesent_return'] = '</a> foruma dönmek ?.';
$txt['smfcontact_errname'] = 'Adınızı girmeniz gerekiyor.';
$txt['smfcontact_errsubject'] = 'Konuyu girmeniz gerekiyor.';
$txt['smfcontact_errmessage'] = 'Mesaj girmeniz gerekiyor.';
$txt['smfcontact_erremail'] = 'Email adresinizi girmeniz gerekiyor.';
$txt['smfcontact_titlesent'] = ' - Mesajı gönderildi.';
$txt['smfcontact_form'] = 'İletişim Sayfası Formu ';
$txt['smfcontact_formname'] = "İsim: ";
$txt['smfcontact_formemail'] = "Email: ";
$txt['smfcontact_ip'] = "IP: ";
$txt['smfcontact_formmessage'] =  "Mesaj: \n";
$txt['smfcontactpage_email'] = 'SMF İletişim Sayfası E-posta: ';
// END Contact Page Text Strings			
]]></add>
	</operation>
</file>



</modification>