<?xml version="1.0"?>
<!DOCTYPE modification SYSTEM "http://www.simplemachines.org/xml/modification">
<modification xmlns="http://www.simplemachines.org/xml/modification" xmlns:smf="http://www.simplemachines.org/">
<id>vbgamer45:ContactPage</id>
<version>1.1tr</version>
<file name="$languagedir/Modifications.english.php">
	<operation>
		<search position="after"><![CDATA[
?>]]></search>
		<add><![CDATA[
// Begin Contact Page Text Strings
$txt['smfcontact_contact'] = 'İletişim Sayfası';
$txt['permissionname_view_contact'] = 'İletişim Sayfasını Göster';
$txt['permissionhelp_view_contact'] = 'Üyelerin iletişim sayfasını görüntülemesine ve e-posta göndermesine izin verir.';
$txt['cannot_view_contact'] = 'İletişim sayfasını görüntüleyemezsiniz.';
$txt['smfcontact_name'] = 'İsim Soyad:';
$txt['smfcontact_subject'] = 'Konu';
$txt['smfcontact_body'] = 'Mesaj';
$txt['smfcontact_emailaddress'] = 'Email adres';
$txt['smfcontact_sendemail'] = 'Maili gönder';
$txt['smfcontact_messagesent'] = 'Mesajınız gönderildi!';
$txt['smfcontact_messagesent_click'] = 'Mesajınız gönderildi! Tıkla ';
$txt['smfcontact_messagesent_return'] = '</a> foruma dönmek ?.';
$txt['smfcontact_errname'] = 'Adınızı girmeniz gerekiyor.';
$txt['smfcontact_errsubject'] = 'Konuyu girmeniz gerekiyor.';
$txt['smfcontact_errmessage'] = 'Mesaj girmeniz gerekiyor.';
$txt['smfcontact_erremail'] = 'Email adresinizi girmeniz gerekiyor.';
$txt['smfcontact_titlesent'] = ' - Mesajı gönderildi.';
$txt['smfcontact_form'] = 'İletişim Sayfası Formu ';
$txt['smfcontact_formname'] = "İsim: ";
$txt['smfcontact_formemail'] = "Email: ";
$txt['smfcontact_ip'] = "IP: ";
$txt['smfcontact_formmessage'] =  "Mesaj: \n";
$txt['smfcontactpage_email'] = 'SMF İletişim Sayfası E-posta: ';
// END Contact Page Text Strings			
]]></add>
	</operation>
</file>
<file name="$boarddir/index.php">
	<operation>
		<search position="before"><![CDATA[
		'deletemsg' => array('RemoveTopic.php', 'DeleteMessage'),]]></search>
		<add><![CDATA[
		'contact' => array('Contact.php', 'Contact'),]]></add>
	</operation>
</file>
<file name="$themedir/index.template.php">
	<operation>
		<search position="before"><![CDATA[	// The [calendar]!
	if ($context['allow_calendar'])
		echo '
				<a href="', $scripturl, '?action=calendar">', ($settings['use_image_buttons'] ? '<img src="' . $settings['images_url'] . '/' . $context['user']['language'] . '/calendar.gif" alt="' . $txt['calendar24'] . '" style="margin: 2px 0;" border="0" />' : $txt['calendar24']), '</a>', $context['menu_separator'];]]></search>
		<add><![CDATA[
	// the [contact] button
	if ($context['allow_view_contact'])
		echo '
				<a href="', $scripturl, '?action=contact">', ($settings['use_image_buttons'] ? '<img src="' . $settings['images_url'] . '/' . $context['user']['language'] . '/contact.gif" alt="' . $txt['smfcontact_contact'] . '" style="margin: 2px 0;" border="0" />' : $txt['smfcontact_contact']), '</a>', $context['menu_separator'];
		]]></add>
	</operation>
</file>
<file name="$sourcedir/ManagePermissions.php">
	<operation>
		<search position="after"><![CDATA['karma_edit' => false,]]></search>
		<add><![CDATA[
		'view_contact' => false,]]></add>
	</operation>
	<operation>
		<search position="after"><![CDATA['who_view',]]></search>
		<add><![CDATA[
		'view_contact',]]></add>
	</operation>
</file>
<file name="$sourcedir/Subs.php">
	<operation>
		<search position="before"><![CDATA[$context['allow_calendar'] = allowedTo('calendar_view') && !empty($modSettings['cal_enabled']);]]></search>
		<add><![CDATA[
		$context['allow_view_contact'] = allowedTo('view_contact');
		]]></add>
	</operation>
</file>
</modification>