<?xml version="1.0"?>
<!DOCTYPE modification SYSTEM "http://www.simplemachines.org/xml/modification">
<modification xmlns="http://www.simplemachines.org/xml/modification" xmlns:smf="http://www.simplemachines.org/">
	<id>Project Evolution: Activity in Profile</id>
	<version>1.1</version>
$txt['current_activity'] = 'Current Activity';

	<file name="$languagedir/Profile.english.php">
		<operation>
			<search position="end" />
			<add><![CDATA[$txt['current_activity'] = 'Son Aktivite';

]]></add>
		</operation>
	</file>


	<file name="$themedir/Profile.template.php">
		<operation>
			<search position="replace"><![CDATA[	if (!empty($modSettings['titlesEnable']) && !empty($context['member']['title']))]]></search>
			<add><![CDATA[  	
	// Display the member's current activity
	if (isset($context['member']['action']) && allowedTo('who_view')) {
		echo '<dt>', $txt['current_activity'], ': </dt>
		<dd>', $context['member']['action'], '</dd>';
	}

	if (!empty($modSettings['titlesEnable']) && !empty($context['member']['title']))
]]></add>
		</operation>
	</file>

	<file name="$themedir/UltimateProfile.template.php" error="skip">
		<operation>
			<search position="replace"><![CDATA[
								<dt><strong>', $txt['position'], ': </strong></dt>
								<dd>', (!empty($context['member']['group']) ? $context['member']['group'] : $context['member']['post_group']), '</dd>
]]></search>
			<add><![CDATA[
								<dt><strong>', $txt['position'], ': </strong></dt>
								<dd>', (!empty($context['member']['group']) ? $context['member']['group'] : $context['member']['post_group']), '</dd>';

								if (isset($context['member']['action']) && allowedTo('who_view')) {
									echo '<dt><b>', $txt['current_activity'], ': </b></dt>
									<dd>', $context['member']['action'], '</dd>';
								}
						echo '</dl>
]]></add>
		</operation>
	</file>

</modification>
